<?xml version="1.0" encoding="utf-8"?>
<Messages>
	<Message prefix="[HLS 200-10]" severity="INFO" keynum="HLS_10_1312" content="Analyzing design file &apos;my_ip_hls/my_ip_hls.cpp&apos; ..." tag=""/>
	<Message prefix="[HLS 200-10]" severity="INFO" keynum="HLS_10_1465" content="Validating synthesis directives ..." tag=""/>
	<Message prefix="[HLS 200-111]" severity="INFO" keynum="473" content="Finished Checking Pragmas Time (s): cpu = 00:00:02 ; elapsed = 00:00:15 . Memory (MB): peak = 101.926 ; gain = 45.598" tag=""/>
	<Message prefix="[HLS 200-111]" severity="INFO" keynum="473" content="Finished Linking Time (s): cpu = 00:00:02 ; elapsed = 00:00:16 . Memory (MB): peak = 101.938 ; gain = 45.609" tag=""/>
	<Message prefix="[HLS 200-10]" severity="INFO" keynum="HLS_10_1467" content="Starting code transformations ..." tag=""/>
	<Message prefix="[HLS 200-111]" severity="INFO" keynum="473" content="Finished Standard Transforms Time (s): cpu = 00:00:02 ; elapsed = 00:00:17 . Memory (MB): peak = 108.516 ; gain = 52.188" tag=""/>
	<Message prefix="[HLS 200-10]" severity="INFO" keynum="HLS_10_1472" content="Checking synthesizability ..." tag=""/>
	<Message prefix="[HLS 200-111]" severity="INFO" keynum="473" content="Finished Checking Synthesizability Time (s): cpu = 00:00:02 ; elapsed = 00:00:18 . Memory (MB): peak = 113.273 ; gain = 56.945" tag=""/>
	<Message prefix="[HLS 200-111]" severity="INFO" keynum="473" content="Finished Pre-synthesis Time (s): cpu = 00:00:02 ; elapsed = 00:00:18 . Memory (MB): peak = 139.102 ; gain = 82.773" tag=""/>
	<Message prefix="[HLS 200-111]" severity="INFO" keynum="473" content="Finished Architecture Synthesis Time (s): cpu = 00:00:02 ; elapsed = 00:00:19 . Memory (MB): peak = 140.250 ; gain = 83.922" tag=""/>
	<Message prefix="[HLS 200-10]" severity="INFO" keynum="HLS_10_1317" content="Starting hardware synthesis ..." tag=""/>
	<Message prefix="[HLS 200-10]" severity="INFO" keynum="HLS_10_1385" content="Synthesizing &apos;my_ip_hls&apos; ..." tag=""/>
	<Message prefix="[HLS 200-10]" severity="INFO" keynum="HLS_10_1477" content="----------------------------------------------------------------" tag=""/>
	<Message prefix="[HLS 200-42]" severity="INFO" keynum="HLS_42_1438" content="-- Implementing module &apos;my_ip_hls&apos;" tag=""/>
	<Message prefix="[HLS 200-10]" severity="INFO" keynum="HLS_10_1478" content="----------------------------------------------------------------" tag=""/>
	<Message prefix="[SCHED 204-11]" severity="INFO" keynum="139" content="Starting scheduling ..." tag=""/>
	<Message prefix="[SCHED 204-61]" severity="INFO" keynum="112" content="Pipelining function &apos;my_ip_hls&apos;." tag=""/>
	<Message prefix="[SCHED 204-61]" severity="INFO" keynum="110" content="Pipelining result : Target II = 1, Final II = 1, Depth = 3." tag=""/>
	<Message prefix="[SCHED 204-11]" severity="INFO" keynum="138" content="Finished scheduling." tag=""/>
	<Message prefix="[HLS 200-111]" severity="INFO" keynum="474" content=" Elapsed time: 18.981 seconds; current allocated memory: 89.066 MB." tag=""/>
	<Message prefix="[BIND 205-100]" severity="INFO" keynum="439" content="Starting micro-architecture generation ..." tag=""/>
	<Message prefix="[BIND 205-101]" severity="INFO" keynum="211" content="Performing variable lifetime analysis." tag=""/>
	<Message prefix="[BIND 205-101]" severity="INFO" keynum="210" content="Exploring resource sharing." tag=""/>
	<Message prefix="[BIND 205-101]" severity="INFO" keynum="206" content="Binding ..." tag=""/>
	<Message prefix="[BIND 205-100]" severity="INFO" keynum="438" content="Finished micro-architecture generation." tag=""/>
	<Message prefix="[HLS 200-111]" severity="INFO" keynum="474" content=" Elapsed time: 0.052 seconds; current allocated memory: 89.169 MB." tag=""/>
	<Message prefix="[HLS 200-10]" severity="INFO" keynum="HLS_10_1483" content="----------------------------------------------------------------" tag=""/>
	<Message prefix="[HLS 200-10]" severity="INFO" keynum="HLS_10_1484" content="-- Generating RTL for module &apos;my_ip_hls&apos;" tag=""/>
	<Message prefix="[HLS 200-10]" severity="INFO" keynum="HLS_10_1485" content="----------------------------------------------------------------" tag=""/>
	<Message prefix="[RTGEN 206-500]" severity="INFO" keynum="73" content="Setting interface mode on port &apos;my_ip_hls/slaveIn_V_data_V&apos; to &apos;axis&apos;." tag=""/>
	<Message prefix="[RTGEN 206-500]" severity="INFO" keynum="73" content="Setting interface mode on port &apos;my_ip_hls/slaveIn_V_strb_V&apos; to &apos;axis&apos;." tag=""/>
	<Message prefix="[RTGEN 206-500]" severity="INFO" keynum="73" content="Setting interface mode on port &apos;my_ip_hls/slaveIn_V_last_V&apos; to &apos;axis&apos;." tag=""/>
	<Message prefix="[RTGEN 206-500]" severity="INFO" keynum="73" content="Setting interface mode on port &apos;my_ip_hls/MasterOut_V_data_V&apos; to &apos;axis&apos; (register, both mode)." tag=""/>
	<Message prefix="[RTGEN 206-500]" severity="INFO" keynum="73" content="Setting interface mode on port &apos;my_ip_hls/MasterOut_V_strb_V&apos; to &apos;axis&apos; (register, both mode)." tag=""/>
	<Message prefix="[RTGEN 206-500]" severity="INFO" keynum="73" content="Setting interface mode on port &apos;my_ip_hls/MasterOut_V_last_V&apos; to &apos;axis&apos; (register, both mode)." tag=""/>
	<Message prefix="[RTGEN 206-500]" severity="INFO" keynum="73" content="Setting interface mode on function &apos;my_ip_hls&apos; to &apos;ap_ctrl_none&apos;." tag=""/>
	<Message prefix="[RTGEN 206-100]" severity="INFO" keynum="369" content="Finished creating RTL model for &apos;my_ip_hls&apos;." tag=""/>
	<Message prefix="[HLS 200-111]" severity="INFO" keynum="474" content=" Elapsed time: 0.058 seconds; current allocated memory: 89.579 MB." tag=""/>
	<Message prefix="[HLS 200-111]" severity="INFO" keynum="473" content="Finished generating all RTL models Time (s): cpu = 00:00:03 ; elapsed = 00:00:20 . Memory (MB): peak = 140.250 ; gain = 83.922" tag=""/>
	<Message prefix="[SYSC 207-301]" severity="INFO" keynum="SYSC_301_1065" content="Generating SystemC RTL for my_ip_hls." tag=""/>
	<Message prefix="[VHDL 208-304]" severity="INFO" keynum="VHDL_304_1066" content="Generating VHDL RTL for my_ip_hls." tag=""/>
	<Message prefix="[VLOG 209-307]" severity="INFO" keynum="VLOG_307_1067" content="Generating Verilog RTL for my_ip_hls." tag=""/>
	<Message prefix="[HLS 200-112]" severity="INFO" keynum="472" content="Total elapsed time: 19.98 seconds; peak allocated memory: 89.579 MB." tag=""/>
</Messages>
