<stg><name>my_ip_hls</name>


<trans_list>

<trans id="30" from="1" to="2">
<condition id="9">
<or_exp><and_exp></and_exp></or_exp>
</condition>
</trans>

<trans id="31" from="2" to="3">
<condition id="10">
<or_exp><and_exp></and_exp></or_exp>
</condition>
</trans>
</trans_list>



<state_list>

<state id="1" st_id="1">

<operation id="4" st_id="1" stage="1" lat="1">
<core>AXI4Stream</core>
<MemPortIdVec></MemPortIdVec>
<condition id="-1">
<or_exp><and_exp></and_exp></or_exp>
</condition>

<Node id="18" bw="1" op_0_bw="1" op_1_bw="32" op_2_bw="4" op_3_bw="1" op_4_bw="32">
<![CDATA[
:11  %tmp = call i1 @_ssdm_op_NbReadReq.axis.i32P.i4P.i1P(i32* %slaveIn_V_data_V, i4* %slaveIn_V_strb_V, i1* %slaveIn_V_last_V, i32 1)

]]></Node>
<StgValue><ssdm name="tmp"/></StgValue>
</operation>

<operation id="5" st_id="1" stage="1" lat="1">
<core>NULL</core>
<MemPortIdVec></MemPortIdVec>
<condition id="-1">
<or_exp><and_exp></and_exp></or_exp>
</condition>

<Node id="19" bw="0" op_0_bw="1" op_1_bw="0" op_2_bw="0">
<![CDATA[
:12  br i1 %tmp, label %1, label %._crit_edge

]]></Node>
<StgValue><ssdm name=""/></StgValue>
</operation>

<operation id="6" st_id="1" stage="1" lat="1">
<core>AXI4Stream</core>
<MemPortIdVec></MemPortIdVec>
<condition id="0">
<or_exp><and_exp><literal name="tmp" val="1"/>
</and_exp></or_exp>
</condition>

<Node id="21" bw="37" op_0_bw="37" op_1_bw="32" op_2_bw="4" op_3_bw="1">
<![CDATA[
:0  %empty = call { i32, i4, i1 } @_ssdm_op_Read.axis.volatile.i32P.i4P.i1P(i32* %slaveIn_V_data_V, i4* %slaveIn_V_strb_V, i1* %slaveIn_V_last_V)

]]></Node>
<StgValue><ssdm name="empty"/></StgValue>
</operation>

<operation id="7" st_id="1" stage="1" lat="1">
<core>NULL</core>
<MemPortIdVec></MemPortIdVec>
<condition id="0">
<or_exp><and_exp><literal name="tmp" val="1"/>
</and_exp></or_exp>
</condition>

<Node id="22" bw="32" op_0_bw="37">
<![CDATA[
:1  %tmp_data_V = extractvalue { i32, i4, i1 } %empty, 0

]]></Node>
<StgValue><ssdm name="tmp_data_V"/></StgValue>
</operation>

<operation id="8" st_id="1" stage="1" lat="1">
<core>NULL</core>
<MemPortIdVec></MemPortIdVec>
<condition id="0">
<or_exp><and_exp><literal name="tmp" val="1"/>
</and_exp></or_exp>
</condition>

<Node id="23" bw="4" op_0_bw="37">
<![CDATA[
:2  %tmp_strb_V = extractvalue { i32, i4, i1 } %empty, 1

]]></Node>
<StgValue><ssdm name="tmp_strb_V"/></StgValue>
</operation>

<operation id="9" st_id="1" stage="1" lat="1">
<core>NULL</core>
<MemPortIdVec></MemPortIdVec>
<condition id="0">
<or_exp><and_exp><literal name="tmp" val="1"/>
</and_exp></or_exp>
</condition>

<Node id="24" bw="1" op_0_bw="37">
<![CDATA[
:3  %tmp_last_V = extractvalue { i32, i4, i1 } %empty, 2

]]></Node>
<StgValue><ssdm name="tmp_last_V"/></StgValue>
</operation>
</state>

<state id="2" st_id="2">

<operation id="10" st_id="2" stage="2" lat="2">
<core>AXI4Stream</core>
<MemPortIdVec></MemPortIdVec>
<condition id="0">
<or_exp><and_exp><literal name="tmp" val="1"/>
</and_exp></or_exp>
</condition>

<Node id="25" bw="0" op_0_bw="0" op_1_bw="32" op_2_bw="4" op_3_bw="1" op_4_bw="32" op_5_bw="4" op_6_bw="1">
<![CDATA[
:4  call void @_ssdm_op_Write.axis.volatile.i32P.i4P.i1P(i32* %MasterOut_V_data_V, i4* %MasterOut_V_strb_V, i1* %MasterOut_V_last_V, i32 %tmp_data_V, i4 %tmp_strb_V, i1 %tmp_last_V)

]]></Node>
<StgValue><ssdm name=""/></StgValue>
</operation>
</state>

<state id="3" st_id="3">

<operation id="11" st_id="3" stage="1" lat="1">
<core>NULL</core>
<MemPortIdVec></MemPortIdVec>
<condition id="-1">
<or_exp><and_exp></and_exp></or_exp>
</condition>

<Node id="7" bw="0" op_0_bw="0" op_1_bw="32">
<![CDATA[
:0  call void (...)* @_ssdm_op_SpecBitsMap(i32* %slaveIn_V_data_V), !map !41

]]></Node>
<StgValue><ssdm name=""/></StgValue>
</operation>

<operation id="12" st_id="3" stage="1" lat="1">
<core>NULL</core>
<MemPortIdVec></MemPortIdVec>
<condition id="-1">
<or_exp><and_exp></and_exp></or_exp>
</condition>

<Node id="8" bw="0" op_0_bw="0" op_1_bw="4">
<![CDATA[
:1  call void (...)* @_ssdm_op_SpecBitsMap(i4* %slaveIn_V_strb_V), !map !45

]]></Node>
<StgValue><ssdm name=""/></StgValue>
</operation>

<operation id="13" st_id="3" stage="1" lat="1">
<core>NULL</core>
<MemPortIdVec></MemPortIdVec>
<condition id="-1">
<or_exp><and_exp></and_exp></or_exp>
</condition>

<Node id="9" bw="0" op_0_bw="0" op_1_bw="1">
<![CDATA[
:2  call void (...)* @_ssdm_op_SpecBitsMap(i1* %slaveIn_V_last_V), !map !49

]]></Node>
<StgValue><ssdm name=""/></StgValue>
</operation>

<operation id="14" st_id="3" stage="1" lat="1">
<core>NULL</core>
<MemPortIdVec></MemPortIdVec>
<condition id="-1">
<or_exp><and_exp></and_exp></or_exp>
</condition>

<Node id="10" bw="0" op_0_bw="0" op_1_bw="32">
<![CDATA[
:3  call void (...)* @_ssdm_op_SpecBitsMap(i32* %MasterOut_V_data_V), !map !53

]]></Node>
<StgValue><ssdm name=""/></StgValue>
</operation>

<operation id="15" st_id="3" stage="1" lat="1">
<core>NULL</core>
<MemPortIdVec></MemPortIdVec>
<condition id="-1">
<or_exp><and_exp></and_exp></or_exp>
</condition>

<Node id="11" bw="0" op_0_bw="0" op_1_bw="4">
<![CDATA[
:4  call void (...)* @_ssdm_op_SpecBitsMap(i4* %MasterOut_V_strb_V), !map !57

]]></Node>
<StgValue><ssdm name=""/></StgValue>
</operation>

<operation id="16" st_id="3" stage="1" lat="1">
<core>NULL</core>
<MemPortIdVec></MemPortIdVec>
<condition id="-1">
<or_exp><and_exp></and_exp></or_exp>
</condition>

<Node id="12" bw="0" op_0_bw="0" op_1_bw="1">
<![CDATA[
:5  call void (...)* @_ssdm_op_SpecBitsMap(i1* %MasterOut_V_last_V), !map !61

]]></Node>
<StgValue><ssdm name=""/></StgValue>
</operation>

<operation id="17" st_id="3" stage="1" lat="1">
<core>NULL</core>
<MemPortIdVec></MemPortIdVec>
<condition id="-1">
<or_exp><and_exp></and_exp></or_exp>
</condition>

<Node id="13" bw="0" op_0_bw="0" op_1_bw="0">
<![CDATA[
:6  call void (...)* @_ssdm_op_SpecTopModule([10 x i8]* @my_ip_hls_str) nounwind

]]></Node>
<StgValue><ssdm name=""/></StgValue>
</operation>

<operation id="18" st_id="3" stage="1" lat="1">
<core>NULL</core>
<MemPortIdVec></MemPortIdVec>
<condition id="-1">
<or_exp><and_exp></and_exp></or_exp>
</condition>

<Node id="14" bw="0" op_0_bw="0" op_1_bw="32" op_2_bw="32" op_3_bw="32" op_4_bw="32" op_5_bw="0">
<![CDATA[
:7  call void (...)* @_ssdm_op_SpecPipeline(i32 1, i32 2, i32 1, i32 0, [1 x i8]* @p_str) nounwind

]]></Node>
<StgValue><ssdm name=""/></StgValue>
</operation>

<operation id="19" st_id="3" stage="1" lat="1">
<core>NULL</core>
<MemPortIdVec></MemPortIdVec>
<condition id="-1">
<or_exp><and_exp></and_exp></or_exp>
</condition>

<Node id="15" bw="0" op_0_bw="0" op_1_bw="32" op_2_bw="4" op_3_bw="1" op_4_bw="0" op_5_bw="32" op_6_bw="32" op_7_bw="0" op_8_bw="32" op_9_bw="32" op_10_bw="0" op_11_bw="0" op_12_bw="0" op_13_bw="32" op_14_bw="32" op_15_bw="32" op_16_bw="32" op_17_bw="0" op_18_bw="0">
<![CDATA[
:8  call void (...)* @_ssdm_op_SpecInterface(i32* %slaveIn_V_data_V, i4* %slaveIn_V_strb_V, i1* %slaveIn_V_last_V, [5 x i8]* @p_str1, i32 1, i32 1, [5 x i8]* @p_str2, i32 0, i32 0, [1 x i8]* @p_str, [1 x i8]* @p_str, [1 x i8]* @p_str, i32 0, i32 0, i32 0, i32 0, [1 x i8]* @p_str, [1 x i8]* @p_str) nounwind

]]></Node>
<StgValue><ssdm name=""/></StgValue>
</operation>

<operation id="20" st_id="3" stage="1" lat="1">
<core>NULL</core>
<MemPortIdVec></MemPortIdVec>
<condition id="-1">
<or_exp><and_exp></and_exp></or_exp>
</condition>

<Node id="16" bw="0" op_0_bw="0" op_1_bw="32" op_2_bw="4" op_3_bw="1" op_4_bw="0" op_5_bw="32" op_6_bw="32" op_7_bw="0" op_8_bw="32" op_9_bw="32" op_10_bw="0" op_11_bw="0" op_12_bw="0" op_13_bw="32" op_14_bw="32" op_15_bw="32" op_16_bw="32" op_17_bw="0" op_18_bw="0">
<![CDATA[
:9  call void (...)* @_ssdm_op_SpecInterface(i32* %MasterOut_V_data_V, i4* %MasterOut_V_strb_V, i1* %MasterOut_V_last_V, [5 x i8]* @p_str1, i32 1, i32 1, [5 x i8]* @p_str2, i32 0, i32 0, [1 x i8]* @p_str, [1 x i8]* @p_str, [1 x i8]* @p_str, i32 0, i32 0, i32 0, i32 0, [1 x i8]* @p_str, [1 x i8]* @p_str) nounwind

]]></Node>
<StgValue><ssdm name=""/></StgValue>
</operation>

<operation id="21" st_id="3" stage="1" lat="1">
<core>NULL</core>
<MemPortIdVec></MemPortIdVec>
<condition id="-1">
<or_exp><and_exp></and_exp></or_exp>
</condition>

<Node id="17" bw="0" op_0_bw="0" op_1_bw="32" op_2_bw="0" op_3_bw="32" op_4_bw="32" op_5_bw="0" op_6_bw="32" op_7_bw="32" op_8_bw="0" op_9_bw="0" op_10_bw="0" op_11_bw="32" op_12_bw="32" op_13_bw="32" op_14_bw="32" op_15_bw="0" op_16_bw="0">
<![CDATA[
:10  call void (...)* @_ssdm_op_SpecInterface(i32 0, [13 x i8]* @p_str3, i32 0, i32 0, [1 x i8]* @p_str, i32 0, i32 0, [1 x i8]* @p_str, [1 x i8]* @p_str, [1 x i8]* @p_str, i32 0, i32 0, i32 0, i32 0, [1 x i8]* @p_str, [1 x i8]* @p_str) nounwind

]]></Node>
<StgValue><ssdm name=""/></StgValue>
</operation>

<operation id="22" st_id="3" stage="1" lat="2">
<core>AXI4Stream</core>
<MemPortIdVec></MemPortIdVec>
<condition id="0">
<or_exp><and_exp><literal name="tmp" val="1"/>
</and_exp></or_exp>
</condition>

<Node id="25" bw="0" op_0_bw="0" op_1_bw="32" op_2_bw="4" op_3_bw="1" op_4_bw="32" op_5_bw="4" op_6_bw="1">
<![CDATA[
:4  call void @_ssdm_op_Write.axis.volatile.i32P.i4P.i1P(i32* %MasterOut_V_data_V, i4* %MasterOut_V_strb_V, i1* %MasterOut_V_last_V, i32 %tmp_data_V, i4 %tmp_strb_V, i1 %tmp_last_V)

]]></Node>
<StgValue><ssdm name=""/></StgValue>
</operation>

<operation id="23" st_id="3" stage="1" lat="1">
<core>NULL</core>
<MemPortIdVec></MemPortIdVec>
<condition id="0">
<or_exp><and_exp><literal name="tmp" val="1"/>
</and_exp></or_exp>
</condition>

<Node id="26" bw="0" op_0_bw="0">
<![CDATA[
:5  br label %._crit_edge

]]></Node>
<StgValue><ssdm name=""/></StgValue>
</operation>

<operation id="24" st_id="3" stage="1" lat="1">
<core>NULL</core>
<MemPortIdVec></MemPortIdVec>
<condition id="3">
<or_exp><and_exp></and_exp></or_exp>
</condition>

<Node id="28" bw="0">
<![CDATA[
._crit_edge:0  ret void

]]></Node>
<StgValue><ssdm name=""/></StgValue>
</operation>
</state>
</state_list>


<ports>
<port id="32" name="slaveIn_V_data_V" dir="0" iftype="0">
<core>NULL</core><StgValue><ssdm name="slaveIn_V_data_V"/></StgValue>
</port>
<port id="33" name="slaveIn_V_strb_V" dir="0" iftype="0">
<core>NULL</core><StgValue><ssdm name="slaveIn_V_strb_V"/></StgValue>
</port>
<port id="34" name="slaveIn_V_last_V" dir="0" iftype="0">
<core>NULL</core><StgValue><ssdm name="slaveIn_V_last_V"/></StgValue>
</port>
<port id="35" name="MasterOut_V_data_V" dir="1" iftype="0">
<core>NULL</core><StgValue><ssdm name="MasterOut_V_data_V"/></StgValue>
</port>
<port id="36" name="MasterOut_V_strb_V" dir="1" iftype="0">
<core>NULL</core><StgValue><ssdm name="MasterOut_V_strb_V"/></StgValue>
</port>
<port id="37" name="MasterOut_V_last_V" dir="1" iftype="0">
<core>NULL</core><StgValue><ssdm name="MasterOut_V_last_V"/></StgValue>
</port>
</ports>


<dataflows>
<dataflow id="39" from="_ssdm_op_NbReadReq.axis.i32P.i4P.i1P" to="tmp" fromId="38" toId="4">
</dataflow>
<dataflow id="40" from="slaveIn_V_data_V" to="tmp" fromId="32" toId="4">
</dataflow>
<dataflow id="41" from="slaveIn_V_strb_V" to="tmp" fromId="33" toId="4">
</dataflow>
<dataflow id="42" from="slaveIn_V_last_V" to="tmp" fromId="34" toId="4">
</dataflow>
<dataflow id="44" from="StgValue_43" to="tmp" fromId="43" toId="4">
</dataflow>
<dataflow id="45" from="tmp" to="StgValue_5" fromId="4" toId="5">
</dataflow>
<dataflow id="47" from="_ssdm_op_Read.axis.volatile.i32P.i4P.i1P" to="empty" fromId="46" toId="6">
</dataflow>
<dataflow id="48" from="slaveIn_V_data_V" to="empty" fromId="32" toId="6">
</dataflow>
<dataflow id="49" from="slaveIn_V_strb_V" to="empty" fromId="33" toId="6">
</dataflow>
<dataflow id="50" from="slaveIn_V_last_V" to="empty" fromId="34" toId="6">
</dataflow>
<dataflow id="51" from="empty" to="tmp_data_V" fromId="6" toId="7">
</dataflow>
<dataflow id="52" from="empty" to="tmp_strb_V" fromId="6" toId="8">
</dataflow>
<dataflow id="53" from="empty" to="tmp_last_V" fromId="6" toId="9">
</dataflow>
<dataflow id="55" from="_ssdm_op_Write.axis.volatile.i32P.i4P.i1P" to="StgValue_10" fromId="54" toId="10">
</dataflow>
<dataflow id="56" from="MasterOut_V_data_V" to="StgValue_10" fromId="35" toId="10">
</dataflow>
<dataflow id="57" from="MasterOut_V_strb_V" to="StgValue_10" fromId="36" toId="10">
</dataflow>
<dataflow id="58" from="MasterOut_V_last_V" to="StgValue_10" fromId="37" toId="10">
</dataflow>
<dataflow id="59" from="tmp_data_V" to="StgValue_10" fromId="7" toId="10">
</dataflow>
<dataflow id="60" from="tmp_strb_V" to="StgValue_10" fromId="8" toId="10">
</dataflow>
<dataflow id="61" from="tmp_last_V" to="StgValue_10" fromId="9" toId="10">
</dataflow>
<dataflow id="63" from="_ssdm_op_SpecBitsMap" to="StgValue_11" fromId="62" toId="11">
</dataflow>
<dataflow id="64" from="slaveIn_V_data_V" to="StgValue_11" fromId="32" toId="11">
</dataflow>
<dataflow id="65" from="_ssdm_op_SpecBitsMap" to="StgValue_12" fromId="62" toId="12">
</dataflow>
<dataflow id="66" from="slaveIn_V_strb_V" to="StgValue_12" fromId="33" toId="12">
</dataflow>
<dataflow id="67" from="_ssdm_op_SpecBitsMap" to="StgValue_13" fromId="62" toId="13">
</dataflow>
<dataflow id="68" from="slaveIn_V_last_V" to="StgValue_13" fromId="34" toId="13">
</dataflow>
<dataflow id="69" from="_ssdm_op_SpecBitsMap" to="StgValue_14" fromId="62" toId="14">
</dataflow>
<dataflow id="70" from="MasterOut_V_data_V" to="StgValue_14" fromId="35" toId="14">
</dataflow>
<dataflow id="71" from="_ssdm_op_SpecBitsMap" to="StgValue_15" fromId="62" toId="15">
</dataflow>
<dataflow id="72" from="MasterOut_V_strb_V" to="StgValue_15" fromId="36" toId="15">
</dataflow>
<dataflow id="73" from="_ssdm_op_SpecBitsMap" to="StgValue_16" fromId="62" toId="16">
</dataflow>
<dataflow id="74" from="MasterOut_V_last_V" to="StgValue_16" fromId="37" toId="16">
</dataflow>
<dataflow id="76" from="_ssdm_op_SpecTopModule" to="StgValue_17" fromId="75" toId="17">
</dataflow>
<dataflow id="78" from="my_ip_hls_str" to="StgValue_17" fromId="77" toId="17">
</dataflow>
<dataflow id="80" from="_ssdm_op_SpecPipeline" to="StgValue_18" fromId="79" toId="18">
</dataflow>
<dataflow id="81" from="StgValue_43" to="StgValue_18" fromId="43" toId="18">
</dataflow>
<dataflow id="83" from="StgValue_82" to="StgValue_18" fromId="82" toId="18">
</dataflow>
<dataflow id="84" from="StgValue_43" to="StgValue_18" fromId="43" toId="18">
</dataflow>
<dataflow id="86" from="StgValue_85" to="StgValue_18" fromId="85" toId="18">
</dataflow>
<dataflow id="88" from="p_str" to="StgValue_18" fromId="87" toId="18">
</dataflow>
<dataflow id="90" from="_ssdm_op_SpecInterface" to="StgValue_19" fromId="89" toId="19">
</dataflow>
<dataflow id="91" from="slaveIn_V_data_V" to="StgValue_19" fromId="32" toId="19">
</dataflow>
<dataflow id="92" from="slaveIn_V_strb_V" to="StgValue_19" fromId="33" toId="19">
</dataflow>
<dataflow id="93" from="slaveIn_V_last_V" to="StgValue_19" fromId="34" toId="19">
</dataflow>
<dataflow id="95" from="p_str1" to="StgValue_19" fromId="94" toId="19">
</dataflow>
<dataflow id="96" from="StgValue_43" to="StgValue_19" fromId="43" toId="19">
</dataflow>
<dataflow id="97" from="StgValue_43" to="StgValue_19" fromId="43" toId="19">
</dataflow>
<dataflow id="99" from="p_str2" to="StgValue_19" fromId="98" toId="19">
</dataflow>
<dataflow id="100" from="StgValue_85" to="StgValue_19" fromId="85" toId="19">
</dataflow>
<dataflow id="101" from="StgValue_85" to="StgValue_19" fromId="85" toId="19">
</dataflow>
<dataflow id="102" from="p_str" to="StgValue_19" fromId="87" toId="19">
</dataflow>
<dataflow id="103" from="p_str" to="StgValue_19" fromId="87" toId="19">
</dataflow>
<dataflow id="104" from="p_str" to="StgValue_19" fromId="87" toId="19">
</dataflow>
<dataflow id="105" from="StgValue_85" to="StgValue_19" fromId="85" toId="19">
</dataflow>
<dataflow id="106" from="StgValue_85" to="StgValue_19" fromId="85" toId="19">
</dataflow>
<dataflow id="107" from="StgValue_85" to="StgValue_19" fromId="85" toId="19">
</dataflow>
<dataflow id="108" from="StgValue_85" to="StgValue_19" fromId="85" toId="19">
</dataflow>
<dataflow id="109" from="p_str" to="StgValue_19" fromId="87" toId="19">
</dataflow>
<dataflow id="110" from="p_str" to="StgValue_19" fromId="87" toId="19">
</dataflow>
<dataflow id="111" from="_ssdm_op_SpecInterface" to="StgValue_20" fromId="89" toId="20">
</dataflow>
<dataflow id="112" from="MasterOut_V_data_V" to="StgValue_20" fromId="35" toId="20">
</dataflow>
<dataflow id="113" from="MasterOut_V_strb_V" to="StgValue_20" fromId="36" toId="20">
</dataflow>
<dataflow id="114" from="MasterOut_V_last_V" to="StgValue_20" fromId="37" toId="20">
</dataflow>
<dataflow id="115" from="p_str1" to="StgValue_20" fromId="94" toId="20">
</dataflow>
<dataflow id="116" from="StgValue_43" to="StgValue_20" fromId="43" toId="20">
</dataflow>
<dataflow id="117" from="StgValue_43" to="StgValue_20" fromId="43" toId="20">
</dataflow>
<dataflow id="118" from="p_str2" to="StgValue_20" fromId="98" toId="20">
</dataflow>
<dataflow id="119" from="StgValue_85" to="StgValue_20" fromId="85" toId="20">
</dataflow>
<dataflow id="120" from="StgValue_85" to="StgValue_20" fromId="85" toId="20">
</dataflow>
<dataflow id="121" from="p_str" to="StgValue_20" fromId="87" toId="20">
</dataflow>
<dataflow id="122" from="p_str" to="StgValue_20" fromId="87" toId="20">
</dataflow>
<dataflow id="123" from="p_str" to="StgValue_20" fromId="87" toId="20">
</dataflow>
<dataflow id="124" from="StgValue_85" to="StgValue_20" fromId="85" toId="20">
</dataflow>
<dataflow id="125" from="StgValue_85" to="StgValue_20" fromId="85" toId="20">
</dataflow>
<dataflow id="126" from="StgValue_85" to="StgValue_20" fromId="85" toId="20">
</dataflow>
<dataflow id="127" from="StgValue_85" to="StgValue_20" fromId="85" toId="20">
</dataflow>
<dataflow id="128" from="p_str" to="StgValue_20" fromId="87" toId="20">
</dataflow>
<dataflow id="129" from="p_str" to="StgValue_20" fromId="87" toId="20">
</dataflow>
<dataflow id="130" from="_ssdm_op_SpecInterface" to="StgValue_21" fromId="89" toId="21">
</dataflow>
<dataflow id="131" from="StgValue_85" to="StgValue_21" fromId="85" toId="21">
</dataflow>
<dataflow id="133" from="p_str3" to="StgValue_21" fromId="132" toId="21">
</dataflow>
<dataflow id="134" from="StgValue_85" to="StgValue_21" fromId="85" toId="21">
</dataflow>
<dataflow id="135" from="StgValue_85" to="StgValue_21" fromId="85" toId="21">
</dataflow>
<dataflow id="136" from="p_str" to="StgValue_21" fromId="87" toId="21">
</dataflow>
<dataflow id="137" from="StgValue_85" to="StgValue_21" fromId="85" toId="21">
</dataflow>
<dataflow id="138" from="StgValue_85" to="StgValue_21" fromId="85" toId="21">
</dataflow>
<dataflow id="139" from="p_str" to="StgValue_21" fromId="87" toId="21">
</dataflow>
<dataflow id="140" from="p_str" to="StgValue_21" fromId="87" toId="21">
</dataflow>
<dataflow id="141" from="p_str" to="StgValue_21" fromId="87" toId="21">
</dataflow>
<dataflow id="142" from="StgValue_85" to="StgValue_21" fromId="85" toId="21">
</dataflow>
<dataflow id="143" from="StgValue_85" to="StgValue_21" fromId="85" toId="21">
</dataflow>
<dataflow id="144" from="StgValue_85" to="StgValue_21" fromId="85" toId="21">
</dataflow>
<dataflow id="145" from="StgValue_85" to="StgValue_21" fromId="85" toId="21">
</dataflow>
<dataflow id="146" from="p_str" to="StgValue_21" fromId="87" toId="21">
</dataflow>
<dataflow id="147" from="p_str" to="StgValue_21" fromId="87" toId="21">
</dataflow>
<dataflow id="148" from="_ssdm_op_Write.axis.volatile.i32P.i4P.i1P" to="StgValue_22" fromId="54" toId="22">
</dataflow>
<dataflow id="149" from="MasterOut_V_data_V" to="StgValue_22" fromId="35" toId="22">
</dataflow>
<dataflow id="150" from="MasterOut_V_strb_V" to="StgValue_22" fromId="36" toId="22">
</dataflow>
<dataflow id="151" from="MasterOut_V_last_V" to="StgValue_22" fromId="37" toId="22">
</dataflow>
<dataflow id="152" from="tmp_data_V" to="StgValue_22" fromId="7" toId="22">
</dataflow>
<dataflow id="153" from="tmp_strb_V" to="StgValue_22" fromId="8" toId="22">
</dataflow>
<dataflow id="154" from="tmp_last_V" to="StgValue_22" fromId="9" toId="22">
</dataflow>
<dataflow id="155" from="tmp" to="StgValue_1" fromId="4" toId="1">
</dataflow>
<dataflow id="156" from="tmp" to="StgValue_2" fromId="4" toId="2">
</dataflow>
<dataflow id="157" from="tmp" to="StgValue_3" fromId="4" toId="3">
</dataflow>
</dataflows>


</stg>
